"LOCATION","INDICATOR","SUBJECT","MEASURE","FREQUENCY","TIME","Value","Flag Codes"
"GRC","HUR","TOT","PC_LF","M","1998-04",10.9,
"GRC","HUR","TOT","PC_LF","M","1998-05",11,
"GRC","HUR","TOT","PC_LF","M","1998-06",10.9,
"GRC","HUR","TOT","PC_LF","M","1998-07",11,
"GRC","HUR","TOT","PC_LF","M","1998-08",11.2,
"GRC","HUR","TOT","PC_LF","M","1998-09",11.1,
"GRC","HUR","TOT","PC_LF","M","1998-10",11.1,
"GRC","HUR","TOT","PC_LF","M","1998-11",11.4,
"GRC","HUR","TOT","PC_LF","M","1998-12",11.4,
"GRC","HUR","TOT","PC_LF","M","1999-01",11.4,
"GRC","HUR","TOT","PC_LF","M","1999-02",11.4,
"GRC","HUR","TOT","PC_LF","M","1999-03",11.4,
"GRC","HUR","TOT","PC_LF","M","1999-04",12.1,
"GRC","HUR","TOT","PC_LF","M","1999-05",12,
"GRC","HUR","TOT","PC_LF","M","1999-06",12,
"GRC","HUR","TOT","PC_LF","M","1999-07",12,
"GRC","HUR","TOT","PC_LF","M","1999-08",12.1,
"GRC","HUR","TOT","PC_LF","M","1999-09",12,
"GRC","HUR","TOT","PC_LF","M","1999-10",12.3,
"GRC","HUR","TOT","PC_LF","M","1999-11",12.4,
"GRC","HUR","TOT","PC_LF","M","1999-12",12.3,
"GRC","HUR","TOT","PC_LF","M","2000-01",11.5,
"GRC","HUR","TOT","PC_LF","M","2000-02",11.6,
"GRC","HUR","TOT","PC_LF","M","2000-03",11.6,
"GRC","HUR","TOT","PC_LF","M","2000-04",11.5,
"GRC","HUR","TOT","PC_LF","M","2000-05",11.5,
"GRC","HUR","TOT","PC_LF","M","2000-06",11.4,
"GRC","HUR","TOT","PC_LF","M","2000-07",11.3,
"GRC","HUR","TOT","PC_LF","M","2000-08",11.2,
"GRC","HUR","TOT","PC_LF","M","2000-09",11.2,
"GRC","HUR","TOT","PC_LF","M","2000-10",10.6,
"GRC","HUR","TOT","PC_LF","M","2000-11",10.7,
"GRC","HUR","TOT","PC_LF","M","2000-12",10.6,
"GRC","HUR","TOT","PC_LF","M","2001-01",10.5,
"GRC","HUR","TOT","PC_LF","M","2001-02",10.5,
"GRC","HUR","TOT","PC_LF","M","2001-03",10.5,
"GRC","HUR","TOT","PC_LF","M","2001-04",10.7,
"GRC","HUR","TOT","PC_LF","M","2001-05",10.7,
"GRC","HUR","TOT","PC_LF","M","2001-06",10.7,
"GRC","HUR","TOT","PC_LF","M","2001-07",10.7,
"GRC","HUR","TOT","PC_LF","M","2001-08",10.6,
"GRC","HUR","TOT","PC_LF","M","2001-09",10.6,
"GRC","HUR","TOT","PC_LF","M","2001-10",10.9,
"GRC","HUR","TOT","PC_LF","M","2001-11",10.9,
"GRC","HUR","TOT","PC_LF","M","2001-12",10.8,
"GRC","HUR","TOT","PC_LF","M","2002-01",10.7,
"GRC","HUR","TOT","PC_LF","M","2002-02",10.7,
"GRC","HUR","TOT","PC_LF","M","2002-03",10.7,
"GRC","HUR","TOT","PC_LF","M","2002-04",10.3,
"GRC","HUR","TOT","PC_LF","M","2002-05",10.3,
"GRC","HUR","TOT","PC_LF","M","2002-06",10.3,
"GRC","HUR","TOT","PC_LF","M","2002-07",10.3,
"GRC","HUR","TOT","PC_LF","M","2002-08",10.2,
"GRC","HUR","TOT","PC_LF","M","2002-09",10.2,
"GRC","HUR","TOT","PC_LF","M","2002-10",10,
"GRC","HUR","TOT","PC_LF","M","2002-11",10,
"GRC","HUR","TOT","PC_LF","M","2002-12",10,
"GRC","HUR","TOT","PC_LF","M","2003-01",9.8,
"GRC","HUR","TOT","PC_LF","M","2003-02",9.7,
"GRC","HUR","TOT","PC_LF","M","2003-03",9.7,
"GRC","HUR","TOT","PC_LF","M","2003-04",9.7,
"GRC","HUR","TOT","PC_LF","M","2003-05",9.7,
"GRC","HUR","TOT","PC_LF","M","2003-06",9.7,
"GRC","HUR","TOT","PC_LF","M","2003-07",9.7,
"GRC","HUR","TOT","PC_LF","M","2003-08",9.7,
"GRC","HUR","TOT","PC_LF","M","2003-09",9.7,
"GRC","HUR","TOT","PC_LF","M","2003-10",9.9,
"GRC","HUR","TOT","PC_LF","M","2003-11",9.9,
"GRC","HUR","TOT","PC_LF","M","2003-12",9.9,
"GRC","HUR","TOT","PC_LF","M","2004-01",11.2,
"GRC","HUR","TOT","PC_LF","M","2004-02",10.7,
"GRC","HUR","TOT","PC_LF","M","2004-03",10.9,
"GRC","HUR","TOT","PC_LF","M","2004-04",10.5,
"GRC","HUR","TOT","PC_LF","M","2004-05",10.6,
"GRC","HUR","TOT","PC_LF","M","2004-06",10.6,
"GRC","HUR","TOT","PC_LF","M","2004-07",10.6,
"GRC","HUR","TOT","PC_LF","M","2004-08",10.5,
"GRC","HUR","TOT","PC_LF","M","2004-09",10.5,
"GRC","HUR","TOT","PC_LF","M","2004-10",10.4,
"GRC","HUR","TOT","PC_LF","M","2004-11",10.3,
"GRC","HUR","TOT","PC_LF","M","2004-12",10.3,
"GRC","HUR","TOT","PC_LF","M","2005-01",10.2,
"GRC","HUR","TOT","PC_LF","M","2005-02",9.8,
"GRC","HUR","TOT","PC_LF","M","2005-03",10.2,
"GRC","HUR","TOT","PC_LF","M","2005-04",9.9,
"GRC","HUR","TOT","PC_LF","M","2005-05",9.9,
"GRC","HUR","TOT","PC_LF","M","2005-06",10.2,
"GRC","HUR","TOT","PC_LF","M","2005-07",10.2,
"GRC","HUR","TOT","PC_LF","M","2005-08",10.2,
"GRC","HUR","TOT","PC_LF","M","2005-09",10.3,
"GRC","HUR","TOT","PC_LF","M","2005-10",10.1,
"GRC","HUR","TOT","PC_LF","M","2005-11",9.6,
"GRC","HUR","TOT","PC_LF","M","2005-12",9.7,
"GRC","HUR","TOT","PC_LF","M","2006-01",9.3,
"GRC","HUR","TOT","PC_LF","M","2006-02",9.5,
"GRC","HUR","TOT","PC_LF","M","2006-03",9.2,
"GRC","HUR","TOT","PC_LF","M","2006-04",9.1,
"GRC","HUR","TOT","PC_LF","M","2006-05",9.1,
"GRC","HUR","TOT","PC_LF","M","2006-06",9.1,
"GRC","HUR","TOT","PC_LF","M","2006-07",8.8,
"GRC","HUR","TOT","PC_LF","M","2006-08",8.8,
"GRC","HUR","TOT","PC_LF","M","2006-09",8.8,
"GRC","HUR","TOT","PC_LF","M","2006-10",8.5,
"GRC","HUR","TOT","PC_LF","M","2006-11",8.9,
"GRC","HUR","TOT","PC_LF","M","2006-12",9,
"GRC","HUR","TOT","PC_LF","M","2007-01",8.6,
"GRC","HUR","TOT","PC_LF","M","2007-02",8.8,
"GRC","HUR","TOT","PC_LF","M","2007-03",8.8,
"GRC","HUR","TOT","PC_LF","M","2007-04",8.4,
"GRC","HUR","TOT","PC_LF","M","2007-05",8.5,
"GRC","HUR","TOT","PC_LF","M","2007-06",8.4,
"GRC","HUR","TOT","PC_LF","M","2007-07",8.3,
"GRC","HUR","TOT","PC_LF","M","2007-08",8.5,
"GRC","HUR","TOT","PC_LF","M","2007-09",8.5,
"GRC","HUR","TOT","PC_LF","M","2007-10",8.2,
"GRC","HUR","TOT","PC_LF","M","2007-11",7.9,
"GRC","HUR","TOT","PC_LF","M","2007-12",8.1,
"GRC","HUR","TOT","PC_LF","M","2008-01",7.7,
"GRC","HUR","TOT","PC_LF","M","2008-02",7.8,
"GRC","HUR","TOT","PC_LF","M","2008-03",8.1,
"GRC","HUR","TOT","PC_LF","M","2008-04",7.7,
"GRC","HUR","TOT","PC_LF","M","2008-05",7.4,
"GRC","HUR","TOT","PC_LF","M","2008-06",7.6,
"GRC","HUR","TOT","PC_LF","M","2008-07",7.6,
"GRC","HUR","TOT","PC_LF","M","2008-08",7.8,
"GRC","HUR","TOT","PC_LF","M","2008-09",7.8,
"GRC","HUR","TOT","PC_LF","M","2008-10",7.6,
"GRC","HUR","TOT","PC_LF","M","2008-11",8,
"GRC","HUR","TOT","PC_LF","M","2008-12",8.5,
"GRC","HUR","TOT","PC_LF","M","2009-01",9,
"GRC","HUR","TOT","PC_LF","M","2009-02",9.4,
"GRC","HUR","TOT","PC_LF","M","2009-03",9.3,
"GRC","HUR","TOT","PC_LF","M","2009-04",9.3,
"GRC","HUR","TOT","PC_LF","M","2009-05",9.4,
"GRC","HUR","TOT","PC_LF","M","2009-06",9.5,
"GRC","HUR","TOT","PC_LF","M","2009-07",9.8,
"GRC","HUR","TOT","PC_LF","M","2009-08",9.8,
"GRC","HUR","TOT","PC_LF","M","2009-09",10.1,
"GRC","HUR","TOT","PC_LF","M","2009-10",10.1,
"GRC","HUR","TOT","PC_LF","M","2009-11",10.7,
"GRC","HUR","TOT","PC_LF","M","2009-12",10.8,
"GRC","HUR","TOT","PC_LF","M","2010-01",11.1,
"GRC","HUR","TOT","PC_LF","M","2010-02",11.7,
"GRC","HUR","TOT","PC_LF","M","2010-03",11.8,
"GRC","HUR","TOT","PC_LF","M","2010-04",12.1,
"GRC","HUR","TOT","PC_LF","M","2010-05",12.5,
"GRC","HUR","TOT","PC_LF","M","2010-06",12.7,
"GRC","HUR","TOT","PC_LF","M","2010-07",13.1,
"GRC","HUR","TOT","PC_LF","M","2010-08",13,
"GRC","HUR","TOT","PC_LF","M","2010-09",13.6,
"GRC","HUR","TOT","PC_LF","M","2010-10",14.3,
"GRC","HUR","TOT","PC_LF","M","2010-11",14.2,
"GRC","HUR","TOT","PC_LF","M","2010-12",14.9,
"GRC","HUR","TOT","PC_LF","M","2011-01",15.4,
"GRC","HUR","TOT","PC_LF","M","2011-02",15.6,
"GRC","HUR","TOT","PC_LF","M","2011-03",16.4,
"GRC","HUR","TOT","PC_LF","M","2011-04",16.7,
"GRC","HUR","TOT","PC_LF","M","2011-05",16.9,
"GRC","HUR","TOT","PC_LF","M","2011-06",17.4,
"GRC","HUR","TOT","PC_LF","M","2011-07",18.1,
"GRC","HUR","TOT","PC_LF","M","2011-08",18.8,
"GRC","HUR","TOT","PC_LF","M","2011-09",19.1,
"GRC","HUR","TOT","PC_LF","M","2011-10",20.5,
"GRC","HUR","TOT","PC_LF","M","2011-11",20.7,
"GRC","HUR","TOT","PC_LF","M","2011-12",21.5,
"GRC","HUR","TOT","PC_LF","M","2012-01",21.6,
"GRC","HUR","TOT","PC_LF","M","2012-02",22.4,
"GRC","HUR","TOT","PC_LF","M","2012-03",23,
"GRC","HUR","TOT","PC_LF","M","2012-04",23.5,
"GRC","HUR","TOT","PC_LF","M","2012-05",24.2,
"GRC","HUR","TOT","PC_LF","M","2012-06",25.2,
"GRC","HUR","TOT","PC_LF","M","2012-07",25.4,
"GRC","HUR","TOT","PC_LF","M","2012-08",26,
"GRC","HUR","TOT","PC_LF","M","2012-09",26.5,
"GRC","HUR","TOT","PC_LF","M","2012-10",26.2,
"GRC","HUR","TOT","PC_LF","M","2012-11",27,
"GRC","HUR","TOT","PC_LF","M","2012-12",26.9,
"GRC","HUR","TOT","PC_LF","M","2013-01",27.3,
"GRC","HUR","TOT","PC_LF","M","2013-02",27.3,
"GRC","HUR","TOT","PC_LF","M","2013-03",27.6,
"GRC","HUR","TOT","PC_LF","M","2013-04",28,
"GRC","HUR","TOT","PC_LF","M","2013-05",28,
"GRC","HUR","TOT","PC_LF","M","2013-06",27.9,
"GRC","HUR","TOT","PC_LF","M","2013-07",28.1,
"GRC","HUR","TOT","PC_LF","M","2013-08",27.9,
"GRC","HUR","TOT","PC_LF","M","2013-09",28.1,
"GRC","HUR","TOT","PC_LF","M","2013-10",27.7,
"GRC","HUR","TOT","PC_LF","M","2013-11",27.9,
"GRC","HUR","TOT","PC_LF","M","2013-12",27.8,
"GRC","HUR","TOT","PC_LF","M","2014-01",27.2,
"GRC","HUR","TOT","PC_LF","M","2014-02",27.6,
"GRC","HUR","TOT","PC_LF","M","2014-03",27.2,
"GRC","HUR","TOT","PC_LF","M","2014-04",27.1,
"GRC","HUR","TOT","PC_LF","M","2014-05",27.3,
"GRC","HUR","TOT","PC_LF","M","2014-06",26.7,
"GRC","HUR","TOT","PC_LF","M","2014-07",26.3,
"GRC","HUR","TOT","PC_LF","M","2014-08",26.3,
"GRC","HUR","TOT","PC_LF","M","2014-09",26.2,
"GRC","HUR","TOT","PC_LF","M","2014-10",26,
"GRC","HUR","TOT","PC_LF","M","2014-11",25.7,
"GRC","HUR","TOT","PC_LF","M","2014-12",25.9,
"GRC","HUR","TOT","PC_LF","M","2015-01",25.8,
"GRC","HUR","TOT","PC_LF","M","2015-02",25.9,
"GRC","HUR","TOT","PC_LF","M","2015-03",26.1,
"GRC","HUR","TOT","PC_LF","M","2015-04",25.4,
"GRC","HUR","TOT","PC_LF","M","2015-05",24.7,
"GRC","HUR","TOT","PC_LF","M","2015-06",25,
"GRC","HUR","TOT","PC_LF","M","2015-07",25,
"GRC","HUR","TOT","PC_LF","M","2015-08",24.2,
"GRC","HUR","TOT","PC_LF","M","2015-09",24.9,
"GRC","HUR","TOT","PC_LF","M","2015-10",24.8,
"GRC","HUR","TOT","PC_LF","M","2015-11",24.2,
"GRC","HUR","TOT","PC_LF","M","2015-12",24.2,
"GRC","HUR","TOT","PC_LF","M","2016-01",24.7,
"GRC","HUR","TOT","PC_LF","M","2016-02",24.2,
"GRC","HUR","TOT","PC_LF","M","2016-03",24.2,
"GRC","HUR","TOT","PC_LF","M","2016-04",23.9,
"GRC","HUR","TOT","PC_LF","M","2016-05",23.9,
"GRC","HUR","TOT","PC_LF","M","2016-06",23.6,
"GRC","HUR","TOT","PC_LF","M","2016-07",23.8,
"GRC","HUR","TOT","PC_LF","M","2016-08",23.9,
"GRC","HUR","TOT","PC_LF","M","2016-09",23.3,
"GRC","HUR","TOT","PC_LF","M","2016-10",23.6,
"GRC","HUR","TOT","PC_LF","M","2016-11",23.7,
"GRC","HUR","TOT","PC_LF","M","2016-12",23.7,
"GRC","HUR","TOT","PC_LF","M","2017-01",23.5,
"GRC","HUR","TOT","PC_LF","M","2017-02",23.1,
"GRC","HUR","TOT","PC_LF","M","2017-03",22.6,
"GRC","HUR","TOT","PC_LF","M","2017-04",22.1,
"GRC","HUR","TOT","PC_LF","M","2017-05",22.1,
"GRC","HUR","TOT","PC_LF","M","2017-06",21.4,
"GRC","HUR","TOT","PC_LF","M","2017-07",21.2,
"GRC","HUR","TOT","PC_LF","M","2017-08",21.1,
"GRC","HUR","TOT","PC_LF","M","2017-09",21.1,
"GRC","HUR","TOT","PC_LF","M","2017-10",21.1,
"GRC","HUR","TOT","PC_LF","M","2017-11",21.4,
"GRC","HUR","TOT","PC_LF","M","2017-12",21.2,
"GRC","HUR","TOT","PC_LF","M","2018-01",20.9,
"GRC","HUR","TOT","PC_LF","M","2018-02",21.4,
"GRC","HUR","TOT","PC_LF","M","2018-03",20.6,
"GRC","HUR","TOT","PC_LF","M","2018-04",20.1,
"GRC","HUR","TOT","PC_LF","M","2018-05",19.7,
"GRC","HUR","TOT","PC_LF","M","2018-06",19.5,
"GRC","HUR","TOT","PC_LF","M","2018-07",19.3,
"GRC","HUR","TOT","PC_LF","M","2018-08",19.3,
"GRC","HUR","TOT","PC_LF","M","2018-09",19.1,
"GRC","HUR","TOT","PC_LF","M","2018-10",18.9,
"GRC","HUR","TOT","PC_LF","M","2018-11",19.2,
"GRC","HUR","TOT","PC_LF","M","2018-12",19,
"GRC","HUR","TOT","PC_LF","M","2019-01",19.4,
"GRC","HUR","TOT","PC_LF","M","2019-02",19.3,
"GRC","HUR","TOT","PC_LF","M","2019-03",18.9,
"GRC","HUR","TOT","PC_LF","M","2019-04",18.2,
"GRC","HUR","TOT","PC_LF","M","2019-05",17.6,
"GRC","HUR","TOT","PC_LF","M","2019-06",17.4,
"GRC","HUR","TOT","PC_LF","M","2019-07",17.6,
"GRC","HUR","TOT","PC_LF","M","2019-08",17.4,
"GRC","HUR","TOT","PC_LF","M","2019-09",17.4,
"GRC","HUR","TOT","PC_LF","M","2019-10",17.1,
"GRC","HUR","TOT","PC_LF","M","2019-11",17,
"GRC","HUR","TOT","PC_LF","M","2019-12",17,
"GRC","HUR","TOT","PC_LF","M","2020-01",16.5,
"GRC","HUR","TOT","PC_LF","M","2020-02",16.4,
"GRC","HUR","TOT","PC_LF","M","2020-03",17,
"GRC","HUR","TOT","PC_LF","M","2020-04",18.4,
"GRC","HUR","TOT","PC_LF","M","2020-05",19.6,
"GRC","HUR","TOT","PC_LF","M","2020-06",20.3,
"GRC","HUR","TOT","PC_LF","M","2020-07",17.4,
"GRC","HUR","TOT","PC_LF","M","2020-08",17,
"GRC","HUR","TOT","PC_LF","M","2020-09",16.9,
"GRC","HUR","TOT","PC_LF","M","2020-10",17.5,
"GRC","HUR","TOT","PC_LF","M","2020-11",17.3,
"GRC","HUR","TOT","PC_LF","M","2020-12",16.8,
"GRC","HUR","TOT","PC_LF","M","2021-01",16.4,
"GRC","HUR","TOT","PC_LF","M","2021-02",15.9,
"GRC","HUR","TOT","PC_LF","M","2021-03",17.2,
"GRC","HUR","TOT","PC_LF","M","2021-04",17.2,
"GRC","HUR","TOT","PC_LF","M","2021-05",15.6,
"GRC","HUR","TOT","PC_LF","M","2021-06",15,
"GRC","HUR","TOT","PC_LF","M","2021-07",14.4,
"GRC","HUR","TOT","PC_LF","M","2021-08",13.7,
"GRC","HUR","TOT","PC_LF","M","2021-09",13.1,
"GRC","HUR","TOT","PC_LF","M","2021-10",13.3,
"GRC","HUR","TOT","PC_LF","M","2021-11",12.9,
"GRC","HUR","TOT","PC_LF","M","2021-12",12.9,
"GRC","HUR","TOT","PC_LF","M","2022-01",13.6,
"GRC","HUR","TOT","PC_LF","M","2022-02",13.1,
"GRC","HUR","TOT","PC_LF","M","2022-03",12.8,
"GRC","HUR","TOT","PC_LF","M","2022-04",12.8,
"GRC","HUR","TOT","PC_LF","M","2022-05",12.7,
"GRC","HUR","TOT","PC_LF","M","2022-06",12.4,
"GRC","HUR","TOT","PC_LF","M","2022-07",12.3,
"GRC","HUR","TOT","PC_LF","M","2022-08",12.2,
"OECD","HUR","TOT","PC_LF","M","2001-01",6.455136,"E"
"OECD","HUR","TOT","PC_LF","M","2001-02",6.472866,"E"
"OECD","HUR","TOT","PC_LF","M","2001-03",6.474825,"E"
"OECD","HUR","TOT","PC_LF","M","2001-04",6.497714,"E"
"OECD","HUR","TOT","PC_LF","M","2001-05",6.51977,"E"
"OECD","HUR","TOT","PC_LF","M","2001-06",6.574125,"E"
"OECD","HUR","TOT","PC_LF","M","2001-07",6.650966,"E"
"OECD","HUR","TOT","PC_LF","M","2001-08",6.749544,"E"
"OECD","HUR","TOT","PC_LF","M","2001-09",6.793174,"E"
"OECD","HUR","TOT","PC_LF","M","2001-10",6.969854,"E"
"OECD","HUR","TOT","PC_LF","M","2001-11",7.045857,"E"
"OECD","HUR","TOT","PC_LF","M","2001-12",7.123289,"E"
"OECD","HUR","TOT","PC_LF","M","2002-01",7.135111,"E"
"OECD","HUR","TOT","PC_LF","M","2002-02",7.142839,"E"
"OECD","HUR","TOT","PC_LF","M","2002-03",7.145876,"E"
"OECD","HUR","TOT","PC_LF","M","2002-04",7.214641,"E"
"OECD","HUR","TOT","PC_LF","M","2002-05",7.190686,"E"
"OECD","HUR","TOT","PC_LF","M","2002-06",7.210404,"E"
"OECD","HUR","TOT","PC_LF","M","2002-07",7.233804,"E"
"OECD","HUR","TOT","PC_LF","M","2002-08",7.254714,"E"
"OECD","HUR","TOT","PC_LF","M","2002-09",7.241006,"E"
"OECD","HUR","TOT","PC_LF","M","2002-10",7.255239,"E"
"OECD","HUR","TOT","PC_LF","M","2002-11",7.278753,"E"
"OECD","HUR","TOT","PC_LF","M","2002-12",7.310959,"E"
"OECD","HUR","TOT","PC_LF","M","2003-01",7.289492,"E"
"OECD","HUR","TOT","PC_LF","M","2003-02",7.281932,"E"
"OECD","HUR","TOT","PC_LF","M","2003-03",7.317808,"E"
"OECD","HUR","TOT","PC_LF","M","2003-04",7.359396,"E"
"OECD","HUR","TOT","PC_LF","M","2003-05",7.394091,"E"
"OECD","HUR","TOT","PC_LF","M","2003-06",7.452662,"E"
"OECD","HUR","TOT","PC_LF","M","2003-07",7.382152,"E"
"OECD","HUR","TOT","PC_LF","M","2003-08",7.342532,"E"
"OECD","HUR","TOT","PC_LF","M","2003-09",7.354749,"E"
"OECD","HUR","TOT","PC_LF","M","2003-10",7.29136,"E"
"OECD","HUR","TOT","PC_LF","M","2003-11",7.267657,"E"
"OECD","HUR","TOT","PC_LF","M","2003-12",7.214298,"E"
"OECD","HUR","TOT","PC_LF","M","2004-01",7.292731,"E"
"OECD","HUR","TOT","PC_LF","M","2004-02",7.273876,"E"
"OECD","HUR","TOT","PC_LF","M","2004-03",7.315883,"E"
"OECD","HUR","TOT","PC_LF","M","2004-04",7.218083,"E"
"OECD","HUR","TOT","PC_LF","M","2004-05",7.208362,"E"
"OECD","HUR","TOT","PC_LF","M","2004-06",7.201144,"E"
"OECD","HUR","TOT","PC_LF","M","2004-07",7.179914,"E"
"OECD","HUR","TOT","PC_LF","M","2004-08",7.151233,"E"
"OECD","HUR","TOT","PC_LF","M","2004-09",7.129584,"E"
"OECD","HUR","TOT","PC_LF","M","2004-10",7.119668,"E"
"OECD","HUR","TOT","PC_LF","M","2004-11",7.089467,"E"
"OECD","HUR","TOT","PC_LF","M","2004-12",7.054358,"E"
"OECD","HUR","TOT","PC_LF","M","2005-01",6.930692,"E"
"OECD","HUR","TOT","PC_LF","M","2005-02",6.951021,"E"
"OECD","HUR","TOT","PC_LF","M","2005-03",6.904534,"E"
"OECD","HUR","TOT","PC_LF","M","2005-04",6.923991,"E"
"OECD","HUR","TOT","PC_LF","M","2005-05",6.909614,"E"
"OECD","HUR","TOT","PC_LF","M","2005-06",6.863743,"E"
"OECD","HUR","TOT","PC_LF","M","2005-07",6.816964,"E"
"OECD","HUR","TOT","PC_LF","M","2005-08",6.73733,"E"
"OECD","HUR","TOT","PC_LF","M","2005-09",6.78102,"E"
"OECD","HUR","TOT","PC_LF","M","2005-10",6.786111,"E"
"OECD","HUR","TOT","PC_LF","M","2005-11",6.742584,"E"
"OECD","HUR","TOT","PC_LF","M","2005-12",6.651325,"E"
"OECD","HUR","TOT","PC_LF","M","2006-01",6.585611,"E"
"OECD","HUR","TOT","PC_LF","M","2006-02",6.548286,"E"
"OECD","HUR","TOT","PC_LF","M","2006-03",6.486808,"E"
"OECD","HUR","TOT","PC_LF","M","2006-04",6.434021,"E"
"OECD","HUR","TOT","PC_LF","M","2006-05",6.327238,"E"
"OECD","HUR","TOT","PC_LF","M","2006-06",6.340631,"E"
"OECD","HUR","TOT","PC_LF","M","2006-07",6.330748,"E"
"OECD","HUR","TOT","PC_LF","M","2006-08",6.30364,"E"
"OECD","HUR","TOT","PC_LF","M","2006-09",6.214893,"E"
"OECD","HUR","TOT","PC_LF","M","2006-10",6.131178,"E"
"OECD","HUR","TOT","PC_LF","M","2006-11",6.119084,"E"
"OECD","HUR","TOT","PC_LF","M","2006-12",6.056123,"E"
"OECD","HUR","TOT","PC_LF","M","2007-01",6.060064,"E"
"OECD","HUR","TOT","PC_LF","M","2007-02",6.00155,"E"
"OECD","HUR","TOT","PC_LF","M","2007-03",5.935384,"E"
"OECD","HUR","TOT","PC_LF","M","2007-04",5.840581,"E"
"OECD","HUR","TOT","PC_LF","M","2007-05",5.79937,"E"
"OECD","HUR","TOT","PC_LF","M","2007-06",5.782465,"E"
"OECD","HUR","TOT","PC_LF","M","2007-07",5.805529,"E"
"OECD","HUR","TOT","PC_LF","M","2007-08",5.806977,"E"
"OECD","HUR","TOT","PC_LF","M","2007-09",5.836487,"E"
"OECD","HUR","TOT","PC_LF","M","2007-10",5.848814,"E"
"OECD","HUR","TOT","PC_LF","M","2007-11",5.780702,"E"
"OECD","HUR","TOT","PC_LF","M","2007-12",5.824956,"E"
"OECD","HUR","TOT","PC_LF","M","2008-01",5.827263,"E"
"OECD","HUR","TOT","PC_LF","M","2008-02",5.797925,"E"
"OECD","HUR","TOT","PC_LF","M","2008-03",5.847588,"E"
"OECD","HUR","TOT","PC_LF","M","2008-04",5.818415,"E"
"OECD","HUR","TOT","PC_LF","M","2008-05",5.946185,"E"
"OECD","HUR","TOT","PC_LF","M","2008-06",6.053014,"E"
"OECD","HUR","TOT","PC_LF","M","2008-07",6.145544,"E"
"OECD","HUR","TOT","PC_LF","M","2008-08",6.256328,"E"
"OECD","HUR","TOT","PC_LF","M","2008-09",6.315892,"E"
"OECD","HUR","TOT","PC_LF","M","2008-10",6.454421,"E"
"OECD","HUR","TOT","PC_LF","M","2008-11",6.775399,"E"
"OECD","HUR","TOT","PC_LF","M","2008-12",7.052037,"E"
"OECD","HUR","TOT","PC_LF","M","2009-01",7.379824,"E"
"OECD","HUR","TOT","PC_LF","M","2009-02",7.715211,"E"
"OECD","HUR","TOT","PC_LF","M","2009-03",8.009882,"E"
"OECD","HUR","TOT","PC_LF","M","2009-04",8.205462,"E"
"OECD","HUR","TOT","PC_LF","M","2009-05",8.387162,"E"
"OECD","HUR","TOT","PC_LF","M","2009-06",8.450768,"E"
"OECD","HUR","TOT","PC_LF","M","2009-07",8.510699,"E"
"OECD","HUR","TOT","PC_LF","M","2009-08",8.573839,"E"
"OECD","HUR","TOT","PC_LF","M","2009-09",8.657306,"E"
"OECD","HUR","TOT","PC_LF","M","2009-10",8.678396,"E"
"OECD","HUR","TOT","PC_LF","M","2009-11",8.647399,"E"
"OECD","HUR","TOT","PC_LF","M","2009-12",8.606811,"E"
"OECD","HUR","TOT","PC_LF","M","2010-01",8.713555,"E"
"OECD","HUR","TOT","PC_LF","M","2010-02",8.670844,"E"
"OECD","HUR","TOT","PC_LF","M","2010-03",8.64954,"E"
"OECD","HUR","TOT","PC_LF","M","2010-04",8.698198,"E"
"OECD","HUR","TOT","PC_LF","M","2010-05",8.555559,"E"
"OECD","HUR","TOT","PC_LF","M","2010-06",8.457772,"E"
"OECD","HUR","TOT","PC_LF","M","2010-07",8.441893,"E"
"OECD","HUR","TOT","PC_LF","M","2010-08",8.403732,"E"
"OECD","HUR","TOT","PC_LF","M","2010-09",8.417768,"E"
"OECD","HUR","TOT","PC_LF","M","2010-10",8.438769,"E"
"OECD","HUR","TOT","PC_LF","M","2010-11",8.465299,"E"
"OECD","HUR","TOT","PC_LF","M","2010-12",8.345737,"E"
"OECD","HUR","TOT","PC_LF","M","2011-01",8.218001,"E"
"OECD","HUR","TOT","PC_LF","M","2011-02",8.177774,"E"
"OECD","HUR","TOT","PC_LF","M","2011-03",8.075809,"E"
"OECD","HUR","TOT","PC_LF","M","2011-04",8.095767,"E"
"OECD","HUR","TOT","PC_LF","M","2011-05",8.120977,"E"
"OECD","HUR","TOT","PC_LF","M","2011-06",8.157444,"E"
"OECD","HUR","TOT","PC_LF","M","2011-07",8.130196,"E"
"OECD","HUR","TOT","PC_LF","M","2011-08",8.105713,"E"
"OECD","HUR","TOT","PC_LF","M","2011-09",8.121199,"E"
"OECD","HUR","TOT","PC_LF","M","2011-10",8.089767,"E"
"OECD","HUR","TOT","PC_LF","M","2011-11",8.104051,"E"
"OECD","HUR","TOT","PC_LF","M","2011-12",8.10043,"E"
"OECD","HUR","TOT","PC_LF","M","2012-01",8.029731,"E"
"OECD","HUR","TOT","PC_LF","M","2012-02",8.124063,"E"
"OECD","HUR","TOT","PC_LF","M","2012-03",8.095907,"E"
"OECD","HUR","TOT","PC_LF","M","2012-04",8.120762,"E"
"OECD","HUR","TOT","PC_LF","M","2012-05",8.113416,"E"
"OECD","HUR","TOT","PC_LF","M","2012-06",8.084002,"E"
"OECD","HUR","TOT","PC_LF","M","2012-07",8.09464,"E"
"OECD","HUR","TOT","PC_LF","M","2012-08",8.07218,"E"
"OECD","HUR","TOT","PC_LF","M","2012-09",8.051287,"E"
"OECD","HUR","TOT","PC_LF","M","2012-10",8.097673,"E"
"OECD","HUR","TOT","PC_LF","M","2012-11",8.161655,"E"
"OECD","HUR","TOT","PC_LF","M","2012-12",8.206093,"E"
"OECD","HUR","TOT","PC_LF","M","2013-01",8.297994,"E"
"OECD","HUR","TOT","PC_LF","M","2013-02",8.203816,"E"
"OECD","HUR","TOT","PC_LF","M","2013-03",8.140067,"E"
"OECD","HUR","TOT","PC_LF","M","2013-04",8.166019,"E"
"OECD","HUR","TOT","PC_LF","M","2013-05",8.088064,"E"
"OECD","HUR","TOT","PC_LF","M","2013-06",8.04356,"E"
"OECD","HUR","TOT","PC_LF","M","2013-07",7.944854,"E"
"OECD","HUR","TOT","PC_LF","M","2013-08",7.967153,"E"
"OECD","HUR","TOT","PC_LF","M","2013-09",7.937621,"E"
"OECD","HUR","TOT","PC_LF","M","2013-10",7.862328,"E"
"OECD","HUR","TOT","PC_LF","M","2013-11",7.79509,"E"
"OECD","HUR","TOT","PC_LF","M","2013-12",7.710412,"E"
"OECD","HUR","TOT","PC_LF","M","2014-01",7.685009,"E"
"OECD","HUR","TOT","PC_LF","M","2014-02",7.697558,"E"
"OECD","HUR","TOT","PC_LF","M","2014-03",7.693556,"E"
"OECD","HUR","TOT","PC_LF","M","2014-04",7.515913,"E"
"OECD","HUR","TOT","PC_LF","M","2014-05",7.503818,"E"
"OECD","HUR","TOT","PC_LF","M","2014-06",7.423654,"E"
"OECD","HUR","TOT","PC_LF","M","2014-07",7.4542,"E"
"OECD","HUR","TOT","PC_LF","M","2014-08",7.380203,"E"
"OECD","HUR","TOT","PC_LF","M","2014-09",7.315249,"E"
"OECD","HUR","TOT","PC_LF","M","2014-10",7.274231,"E"
"OECD","HUR","TOT","PC_LF","M","2014-11",7.285726,"E"
"OECD","HUR","TOT","PC_LF","M","2014-12",7.145084,"E"
"OECD","HUR","TOT","PC_LF","M","2015-01",7.152802,"E"
"OECD","HUR","TOT","PC_LF","M","2015-02",7.09868,"E"
"OECD","HUR","TOT","PC_LF","M","2015-03",7.035151,"E"
"OECD","HUR","TOT","PC_LF","M","2015-04",7.030467,"E"
"OECD","HUR","TOT","PC_LF","M","2015-05",7.014092,"E"
"OECD","HUR","TOT","PC_LF","M","2015-06",6.900666,"E"
"OECD","HUR","TOT","PC_LF","M","2015-07",6.81839,"E"
"OECD","HUR","TOT","PC_LF","M","2015-08",6.770187,"E"
"OECD","HUR","TOT","PC_LF","M","2015-09",6.750463,"E"
"OECD","HUR","TOT","PC_LF","M","2015-10",6.731839,"E"
"OECD","HUR","TOT","PC_LF","M","2015-11",6.650088,"E"
"OECD","HUR","TOT","PC_LF","M","2015-12",6.68901,"E"
"OECD","HUR","TOT","PC_LF","M","2016-01",6.600637,"E"
"OECD","HUR","TOT","PC_LF","M","2016-02",6.597211,"E"
"OECD","HUR","TOT","PC_LF","M","2016-03",6.61268,"E"
"OECD","HUR","TOT","PC_LF","M","2016-04",6.534519,"E"
"OECD","HUR","TOT","PC_LF","M","2016-05",6.467169,"E"
"OECD","HUR","TOT","PC_LF","M","2016-06",6.466081,"E"
"OECD","HUR","TOT","PC_LF","M","2016-07",6.41857,"E"
"OECD","HUR","TOT","PC_LF","M","2016-08",6.430097,"E"
"OECD","HUR","TOT","PC_LF","M","2016-09",6.449276,"E"
"OECD","HUR","TOT","PC_LF","M","2016-10",6.389531,"E"
"OECD","HUR","TOT","PC_LF","M","2016-11",6.325572,"E"
"OECD","HUR","TOT","PC_LF","M","2016-12",6.335069,"E"
"OECD","HUR","TOT","PC_LF","M","2017-01",6.261618,"E"
"OECD","HUR","TOT","PC_LF","M","2017-02",6.215021,"E"
"OECD","HUR","TOT","PC_LF","M","2017-03",6.128466,"E"
"OECD","HUR","TOT","PC_LF","M","2017-04",6.02718,"E"
"OECD","HUR","TOT","PC_LF","M","2017-05",6.025798,"E"
"OECD","HUR","TOT","PC_LF","M","2017-06",5.894707,"E"
"OECD","HUR","TOT","PC_LF","M","2017-07",5.85327,"E"
"OECD","HUR","TOT","PC_LF","M","2017-08",5.871681,"E"
"OECD","HUR","TOT","PC_LF","M","2017-09",5.817812,"E"
"OECD","HUR","TOT","PC_LF","M","2017-10",5.761226,"E"
"OECD","HUR","TOT","PC_LF","M","2017-11",5.745708,"E"
"OECD","HUR","TOT","PC_LF","M","2017-12",5.680615,"E"
"OECD","HUR","TOT","PC_LF","M","2018-01",5.589175,"E"
"OECD","HUR","TOT","PC_LF","M","2018-02",5.583318,"E"
"OECD","HUR","TOT","PC_LF","M","2018-03",5.545424,"E"
"OECD","HUR","TOT","PC_LF","M","2018-04",5.542068,"E"
"OECD","HUR","TOT","PC_LF","M","2018-05",5.42841,"E"
"OECD","HUR","TOT","PC_LF","M","2018-06",5.478402,"E"
"OECD","HUR","TOT","PC_LF","M","2018-07",5.421533,"E"
"OECD","HUR","TOT","PC_LF","M","2018-08",5.446696,"E"
"OECD","HUR","TOT","PC_LF","M","2018-09",5.428144,"E"
"OECD","HUR","TOT","PC_LF","M","2018-10",5.46738,"E"
"OECD","HUR","TOT","PC_LF","M","2018-11",5.482887,"E"
"OECD","HUR","TOT","PC_LF","M","2018-12",5.56335,"E"
"OECD","HUR","TOT","PC_LF","M","2019-01",5.600951,"E"
"OECD","HUR","TOT","PC_LF","M","2019-02",5.50528,"E"
"OECD","HUR","TOT","PC_LF","M","2019-03",5.531717,"E"
"OECD","HUR","TOT","PC_LF","M","2019-04",5.434868,"E"
"OECD","HUR","TOT","PC_LF","M","2019-05",5.402479,"E"
"OECD","HUR","TOT","PC_LF","M","2019-06",5.341828,"E"
"OECD","HUR","TOT","PC_LF","M","2019-07",5.397859,"E"
"OECD","HUR","TOT","PC_LF","M","2019-08",5.38282,"E"
"OECD","HUR","TOT","PC_LF","M","2019-09",5.357305,"E"
"OECD","HUR","TOT","PC_LF","M","2019-10",5.374238,"E"
"OECD","HUR","TOT","PC_LF","M","2019-11",5.36986,"E"
"OECD","HUR","TOT","PC_LF","M","2019-12",5.320306,"E"
"OECD","HUR","TOT","PC_LF","M","2020-01",5.358015,"E"
"OECD","HUR","TOT","PC_LF","M","2020-02",5.283805,"E"
"OECD","HUR","TOT","PC_LF","M","2020-03",5.587752,"E"
"OECD","HUR","TOT","PC_LF","M","2020-04",8.799771,"E"
"OECD","HUR","TOT","PC_LF","M","2020-05",8.644238,"E"
"OECD","HUR","TOT","PC_LF","M","2020-06",8.29508,"E"
"OECD","HUR","TOT","PC_LF","M","2020-07",8.1469,"E"
"OECD","HUR","TOT","PC_LF","M","2020-08",7.561595,"E"
"OECD","HUR","TOT","PC_LF","M","2020-09",7.380198,"E"
"OECD","HUR","TOT","PC_LF","M","2020-10",7.12568,"E"
"OECD","HUR","TOT","PC_LF","M","2020-11",6.948235,"E"
"OECD","HUR","TOT","PC_LF","M","2020-12",6.908658,"E"
"OECD","HUR","TOT","PC_LF","M","2021-01",6.871547,"E"
"OECD","HUR","TOT","PC_LF","M","2021-02",6.743709,"E"
"OECD","HUR","TOT","PC_LF","M","2021-03",6.594774,"E"
"OECD","HUR","TOT","PC_LF","M","2021-04",6.697423,"E"
"OECD","HUR","TOT","PC_LF","M","2021-05",6.47499,"E"
"OECD","HUR","TOT","PC_LF","M","2021-06",6.292642,"E"
"OECD","HUR","TOT","PC_LF","M","2021-07",6.022478,"E"
"OECD","HUR","TOT","PC_LF","M","2021-08",5.935728,"E"
"OECD","HUR","TOT","PC_LF","M","2021-09",5.730951,"E"
"OECD","HUR","TOT","PC_LF","M","2021-10",5.654105,"E"
"OECD","HUR","TOT","PC_LF","M","2021-11",5.494042,"E"
"OECD","HUR","TOT","PC_LF","M","2021-12",5.356094,"E"
"OECD","HUR","TOT","PC_LF","M","2022-01",5.333536,"E"
"OECD","HUR","TOT","PC_LF","M","2022-02",5.166166,"E"
"OECD","HUR","TOT","PC_LF","M","2022-03",5.060878,"E"
"OECD","HUR","TOT","PC_LF","M","2022-04",4.96761,"E"
"OECD","HUR","TOT","PC_LF","M","2022-05",4.96202,"E"
"OECD","HUR","TOT","PC_LF","M","2022-06",4.936116,"E"
"OECD","HUR","TOT","PC_LF","M","2022-07",4.836278,"E"
"OECD","HUR","TOT","PC_LF","M","2022-08",4.866018,"E"
"EA19","HUR","TOT","PC_LF","M","1990-07",7.589817,"E"
"EA19","HUR","TOT","PC_LF","M","1990-08",7.644053,"E"
"EA19","HUR","TOT","PC_LF","M","1990-09",7.69924,"E"
"EA19","HUR","TOT","PC_LF","M","1990-10",7.724481,"E"
"EA19","HUR","TOT","PC_LF","M","1990-11",7.762915,"E"
"EA19","HUR","TOT","PC_LF","M","1990-12",7.79253,"E"
"EA19","HUR","TOT","PC_LF","M","1991-01",7.790544,"E"
"EA19","HUR","TOT","PC_LF","M","1991-02",7.80848,"E"
"EA19","HUR","TOT","PC_LF","M","1991-03",7.83097,"E"
"EA19","HUR","TOT","PC_LF","M","1991-04",7.86967,"E"
"EA19","HUR","TOT","PC_LF","M","1991-05",7.929185,"E"
"EA19","HUR","TOT","PC_LF","M","1991-06",7.594852,"E"
"EA19","HUR","TOT","PC_LF","M","1991-07",7.763278,"E"
"EA19","HUR","TOT","PC_LF","M","1991-08",7.822947,"E"
"EA19","HUR","TOT","PC_LF","M","1991-09",7.842628,"E"
"EA19","HUR","TOT","PC_LF","M","1991-10",7.900774,"E"
"EA19","HUR","TOT","PC_LF","M","1991-11",7.95415,"E"
"EA19","HUR","TOT","PC_LF","M","1991-12",7.974288,"E"
"EA19","HUR","TOT","PC_LF","M","1992-01",8.134561,"E"
"EA19","HUR","TOT","PC_LF","M","1992-02",8.1439,"E"
"EA19","HUR","TOT","PC_LF","M","1992-03",8.194921,"E"
"EA19","HUR","TOT","PC_LF","M","1992-04",8.2501,"E"
"EA19","HUR","TOT","PC_LF","M","1992-05",8.264141,"E"
"EA19","HUR","TOT","PC_LF","M","1992-06",8.359922,"E"
"EA19","HUR","TOT","PC_LF","M","1992-07",8.469437,"E"
"EA19","HUR","TOT","PC_LF","M","1992-08",8.586491,"E"
"EA19","HUR","TOT","PC_LF","M","1992-09",8.698858,"E"
"EA19","HUR","TOT","PC_LF","M","1992-10",8.880807,"E"
"EA19","HUR","TOT","PC_LF","M","1992-11",8.98692,"E"
"EA19","HUR","TOT","PC_LF","M","1992-12",9.116936,"B"
"EA19","HUR","TOT","PC_LF","M","1993-01",9.4,
"EA19","HUR","TOT","PC_LF","M","1993-02",9.5,
"EA19","HUR","TOT","PC_LF","M","1993-03",9.7,
"EA19","HUR","TOT","PC_LF","M","1993-04",9.9,
"EA19","HUR","TOT","PC_LF","M","1993-05",10,
"EA19","HUR","TOT","PC_LF","M","1993-06",10.2,
"EA19","HUR","TOT","PC_LF","M","1993-07",10.3,
"EA19","HUR","TOT","PC_LF","M","1993-08",10.4,
"EA19","HUR","TOT","PC_LF","M","1993-09",10.5,
"EA19","HUR","TOT","PC_LF","M","1993-10",10.6,
"EA19","HUR","TOT","PC_LF","M","1993-11",10.7,
"EA19","HUR","TOT","PC_LF","M","1993-12",10.8,
"EA19","HUR","TOT","PC_LF","M","1994-01",10.8,
"EA19","HUR","TOT","PC_LF","M","1994-02",10.9,
"EA19","HUR","TOT","PC_LF","M","1994-03",10.9,
"EA19","HUR","TOT","PC_LF","M","1994-04",10.9,
"EA19","HUR","TOT","PC_LF","M","1994-05",10.9,
"EA19","HUR","TOT","PC_LF","M","1994-06",10.9,
"EA19","HUR","TOT","PC_LF","M","1994-07",10.9,
"EA19","HUR","TOT","PC_LF","M","1994-08",10.8,
"EA19","HUR","TOT","PC_LF","M","1994-09",10.8,
"EA19","HUR","TOT","PC_LF","M","1994-10",10.9,
"EA19","HUR","TOT","PC_LF","M","1994-11",10.8,
"EA19","HUR","TOT","PC_LF","M","1994-12",10.8,"B"
"EA19","HUR","TOT","PC_LF","M","1995-01",10.7,
"EA19","HUR","TOT","PC_LF","M","1995-02",10.7,
"EA19","HUR","TOT","PC_LF","M","1995-03",10.6,
"EA19","HUR","TOT","PC_LF","M","1995-04",10.6,
"EA19","HUR","TOT","PC_LF","M","1995-05",10.6,
"EA19","HUR","TOT","PC_LF","M","1995-06",10.6,
"EA19","HUR","TOT","PC_LF","M","1995-07",10.6,
"EA19","HUR","TOT","PC_LF","M","1995-08",10.6,
"EA19","HUR","TOT","PC_LF","M","1995-09",10.7,
"EA19","HUR","TOT","PC_LF","M","1995-10",10.7,
"EA19","HUR","TOT","PC_LF","M","1995-11",10.7,
"EA19","HUR","TOT","PC_LF","M","1995-12",10.7,
"EA19","HUR","TOT","PC_LF","M","1996-01",10.7,
"EA19","HUR","TOT","PC_LF","M","1996-02",10.8,
"EA19","HUR","TOT","PC_LF","M","1996-03",10.8,
"EA19","HUR","TOT","PC_LF","M","1996-04",10.8,
"EA19","HUR","TOT","PC_LF","M","1996-05",10.8,
"EA19","HUR","TOT","PC_LF","M","1996-06",10.8,
"EA19","HUR","TOT","PC_LF","M","1996-07",10.8,
"EA19","HUR","TOT","PC_LF","M","1996-08",10.8,
"EA19","HUR","TOT","PC_LF","M","1996-09",10.8,
"EA19","HUR","TOT","PC_LF","M","1996-10",10.8,
"EA19","HUR","TOT","PC_LF","M","1996-11",10.8,
"EA19","HUR","TOT","PC_LF","M","1996-12",10.8,
"EA19","HUR","TOT","PC_LF","M","1997-01",10.8,
"EA19","HUR","TOT","PC_LF","M","1997-02",10.9,
"EA19","HUR","TOT","PC_LF","M","1997-03",10.8,
"EA19","HUR","TOT","PC_LF","M","1997-04",10.9,
"EA19","HUR","TOT","PC_LF","M","1997-05",10.8,
"EA19","HUR","TOT","PC_LF","M","1997-06",10.8,
"EA19","HUR","TOT","PC_LF","M","1997-07",10.7,
"EA19","HUR","TOT","PC_LF","M","1997-08",10.7,
"EA19","HUR","TOT","PC_LF","M","1997-09",10.7,
"EA19","HUR","TOT","PC_LF","M","1997-10",10.7,
"EA19","HUR","TOT","PC_LF","M","1997-11",10.6,
"EA19","HUR","TOT","PC_LF","M","1997-12",10.6,
"EA19","HUR","TOT","PC_LF","M","1998-01",10.5,
"EA19","HUR","TOT","PC_LF","M","1998-02",10.5,
"EA19","HUR","TOT","PC_LF","M","1998-03",10.5,
"EA19","HUR","TOT","PC_LF","M","1998-04",10.6,
"EA19","HUR","TOT","PC_LF","M","1998-05",10.6,
"EA19","HUR","TOT","PC_LF","M","1998-06",10.5,
"EA19","HUR","TOT","PC_LF","M","1998-07",10.5,
"EA19","HUR","TOT","PC_LF","M","1998-08",10.4,
"EA19","HUR","TOT","PC_LF","M","1998-09",10.4,
"EA19","HUR","TOT","PC_LF","M","1998-10",10.3,
"EA19","HUR","TOT","PC_LF","M","1998-11",10.3,
"EA19","HUR","TOT","PC_LF","M","1998-12",10.2,
"EA19","HUR","TOT","PC_LF","M","1999-01",10.1,
"EA19","HUR","TOT","PC_LF","M","1999-02",10,
"EA19","HUR","TOT","PC_LF","M","1999-03",9.9,
"EA19","HUR","TOT","PC_LF","M","1999-04",9.9,
"EA19","HUR","TOT","PC_LF","M","1999-05",9.9,
"EA19","HUR","TOT","PC_LF","M","1999-06",9.8,
"EA19","HUR","TOT","PC_LF","M","1999-07",9.8,
"EA19","HUR","TOT","PC_LF","M","1999-08",9.7,
"EA19","HUR","TOT","PC_LF","M","1999-09",9.7,
"EA19","HUR","TOT","PC_LF","M","1999-10",9.6,
"EA19","HUR","TOT","PC_LF","M","1999-11",9.6,
"EA19","HUR","TOT","PC_LF","M","1999-12",9.5,
"EA19","HUR","TOT","PC_LF","M","2000-01",9.4,
"EA19","HUR","TOT","PC_LF","M","2000-02",9.3,
"EA19","HUR","TOT","PC_LF","M","2000-03",9.2,
"EA19","HUR","TOT","PC_LF","M","2000-04",9.1,
"EA19","HUR","TOT","PC_LF","M","2000-05",9,
"EA19","HUR","TOT","PC_LF","M","2000-06",9,
"EA19","HUR","TOT","PC_LF","M","2000-07",9,
"EA19","HUR","TOT","PC_LF","M","2000-08",8.9,
"EA19","HUR","TOT","PC_LF","M","2000-09",8.8,
"EA19","HUR","TOT","PC_LF","M","2000-10",8.7,
"EA19","HUR","TOT","PC_LF","M","2000-11",8.7,
"EA19","HUR","TOT","PC_LF","M","2000-12",8.6,
"EA19","HUR","TOT","PC_LF","M","2001-01",8.5,
"EA19","HUR","TOT","PC_LF","M","2001-02",8.4,
"EA19","HUR","TOT","PC_LF","M","2001-03",8.4,
"EA19","HUR","TOT","PC_LF","M","2001-04",8.4,
"EA19","HUR","TOT","PC_LF","M","2001-05",8.4,
"EA19","HUR","TOT","PC_LF","M","2001-06",8.4,
"EA19","HUR","TOT","PC_LF","M","2001-07",8.4,
"EA19","HUR","TOT","PC_LF","M","2001-08",8.4,
"EA19","HUR","TOT","PC_LF","M","2001-09",8.4,
"EA19","HUR","TOT","PC_LF","M","2001-10",8.4,
"EA19","HUR","TOT","PC_LF","M","2001-11",8.5,
"EA19","HUR","TOT","PC_LF","M","2001-12",8.5,
"EA19","HUR","TOT","PC_LF","M","2002-01",8.5,
"EA19","HUR","TOT","PC_LF","M","2002-02",8.5,
"EA19","HUR","TOT","PC_LF","M","2002-03",8.5,
"EA19","HUR","TOT","PC_LF","M","2002-04",8.6,
"EA19","HUR","TOT","PC_LF","M","2002-05",8.6,
"EA19","HUR","TOT","PC_LF","M","2002-06",8.6,
"EA19","HUR","TOT","PC_LF","M","2002-07",8.7,
"EA19","HUR","TOT","PC_LF","M","2002-08",8.7,
"EA19","HUR","TOT","PC_LF","M","2002-09",8.8,
"EA19","HUR","TOT","PC_LF","M","2002-10",8.8,
"EA19","HUR","TOT","PC_LF","M","2002-11",8.9,
"EA19","HUR","TOT","PC_LF","M","2002-12",8.9,
"EA19","HUR","TOT","PC_LF","M","2003-01",9,
"EA19","HUR","TOT","PC_LF","M","2003-02",9.1,
"EA19","HUR","TOT","PC_LF","M","2003-03",9.1,
"EA19","HUR","TOT","PC_LF","M","2003-04",9.1,
"EA19","HUR","TOT","PC_LF","M","2003-05",9.1,
"EA19","HUR","TOT","PC_LF","M","2003-06",9.2,
"EA19","HUR","TOT","PC_LF","M","2003-07",9.1,
"EA19","HUR","TOT","PC_LF","M","2003-08",9.1,
"EA19","HUR","TOT","PC_LF","M","2003-09",9.1,
"EA19","HUR","TOT","PC_LF","M","2003-10",9.1,
"EA19","HUR","TOT","PC_LF","M","2003-11",9.2,
"EA19","HUR","TOT","PC_LF","M","2003-12",9.2,
"EA19","HUR","TOT","PC_LF","M","2004-01",9.3,
"EA19","HUR","TOT","PC_LF","M","2004-02",9.3,
"EA19","HUR","TOT","PC_LF","M","2004-03",9.4,
"EA19","HUR","TOT","PC_LF","M","2004-04",9.4,
"EA19","HUR","TOT","PC_LF","M","2004-05",9.3,
"EA19","HUR","TOT","PC_LF","M","2004-06",9.3,
"EA19","HUR","TOT","PC_LF","M","2004-07",9.3,
"EA19","HUR","TOT","PC_LF","M","2004-08",9.3,
"EA19","HUR","TOT","PC_LF","M","2004-09",9.4,
"EA19","HUR","TOT","PC_LF","M","2004-10",9.4,
"EA19","HUR","TOT","PC_LF","M","2004-11",9.4,
"EA19","HUR","TOT","PC_LF","M","2004-12",9.3,
"EA19","HUR","TOT","PC_LF","M","2005-01",9.3,
"EA19","HUR","TOT","PC_LF","M","2005-02",9.2,
"EA19","HUR","TOT","PC_LF","M","2005-03",9.2,
"EA19","HUR","TOT","PC_LF","M","2005-04",9.3,
"EA19","HUR","TOT","PC_LF","M","2005-05",9.3,
"EA19","HUR","TOT","PC_LF","M","2005-06",9.3,
"EA19","HUR","TOT","PC_LF","M","2005-07",9.2,
"EA19","HUR","TOT","PC_LF","M","2005-08",9.1,
"EA19","HUR","TOT","PC_LF","M","2005-09",9.1,
"EA19","HUR","TOT","PC_LF","M","2005-10",9.1,
"EA19","HUR","TOT","PC_LF","M","2005-11",9.1,
"EA19","HUR","TOT","PC_LF","M","2005-12",9,
"EA19","HUR","TOT","PC_LF","M","2006-01",8.9,
"EA19","HUR","TOT","PC_LF","M","2006-02",8.9,
"EA19","HUR","TOT","PC_LF","M","2006-03",8.8,
"EA19","HUR","TOT","PC_LF","M","2006-04",8.7,
"EA19","HUR","TOT","PC_LF","M","2006-05",8.6,
"EA19","HUR","TOT","PC_LF","M","2006-06",8.5,
"EA19","HUR","TOT","PC_LF","M","2006-07",8.4,
"EA19","HUR","TOT","PC_LF","M","2006-08",8.3,
"EA19","HUR","TOT","PC_LF","M","2006-09",8.3,
"EA19","HUR","TOT","PC_LF","M","2006-10",8.2,
"EA19","HUR","TOT","PC_LF","M","2006-11",8.1,
"EA19","HUR","TOT","PC_LF","M","2006-12",8,
"EA19","HUR","TOT","PC_LF","M","2007-01",8,
"EA19","HUR","TOT","PC_LF","M","2007-02",7.9,
"EA19","HUR","TOT","PC_LF","M","2007-03",7.8,
"EA19","HUR","TOT","PC_LF","M","2007-04",7.7,
"EA19","HUR","TOT","PC_LF","M","2007-05",7.6,
"EA19","HUR","TOT","PC_LF","M","2007-06",7.6,
"EA19","HUR","TOT","PC_LF","M","2007-07",7.6,
"EA19","HUR","TOT","PC_LF","M","2007-08",7.5,
"EA19","HUR","TOT","PC_LF","M","2007-09",7.5,
"EA19","HUR","TOT","PC_LF","M","2007-10",7.4,
"EA19","HUR","TOT","PC_LF","M","2007-11",7.4,
"EA19","HUR","TOT","PC_LF","M","2007-12",7.4,
"EA19","HUR","TOT","PC_LF","M","2008-01",7.4,
"EA19","HUR","TOT","PC_LF","M","2008-02",7.4,
"EA19","HUR","TOT","PC_LF","M","2008-03",7.3,
"EA19","HUR","TOT","PC_LF","M","2008-04",7.4,
"EA19","HUR","TOT","PC_LF","M","2008-05",7.5,
"EA19","HUR","TOT","PC_LF","M","2008-06",7.6,
"EA19","HUR","TOT","PC_LF","M","2008-07",7.6,
"EA19","HUR","TOT","PC_LF","M","2008-08",7.7,
"EA19","HUR","TOT","PC_LF","M","2008-09",7.7,
"EA19","HUR","TOT","PC_LF","M","2008-10",7.9,
"EA19","HUR","TOT","PC_LF","M","2008-11",8.1,
"EA19","HUR","TOT","PC_LF","M","2008-12",8.4,
"EA19","HUR","TOT","PC_LF","M","2009-01",8.8,
"EA19","HUR","TOT","PC_LF","M","2009-02",9.1,
"EA19","HUR","TOT","PC_LF","M","2009-03",9.4,
"EA19","HUR","TOT","PC_LF","M","2009-04",9.5,
"EA19","HUR","TOT","PC_LF","M","2009-05",9.6,
"EA19","HUR","TOT","PC_LF","M","2009-06",9.7,
"EA19","HUR","TOT","PC_LF","M","2009-07",9.8,
"EA19","HUR","TOT","PC_LF","M","2009-08",9.8,
"EA19","HUR","TOT","PC_LF","M","2009-09",10,
"EA19","HUR","TOT","PC_LF","M","2009-10",10.1,
"EA19","HUR","TOT","PC_LF","M","2009-11",10.1,
"EA19","HUR","TOT","PC_LF","M","2009-12",10.2,
"EA19","HUR","TOT","PC_LF","M","2010-01",10.2,
"EA19","HUR","TOT","PC_LF","M","2010-02",10.3,
"EA19","HUR","TOT","PC_LF","M","2010-03",10.3,
"EA19","HUR","TOT","PC_LF","M","2010-04",10.3,
"EA19","HUR","TOT","PC_LF","M","2010-05",10.3,
"EA19","HUR","TOT","PC_LF","M","2010-06",10.3,
"EA19","HUR","TOT","PC_LF","M","2010-07",10.2,
"EA19","HUR","TOT","PC_LF","M","2010-08",10.2,
"EA19","HUR","TOT","PC_LF","M","2010-09",10.2,
"EA19","HUR","TOT","PC_LF","M","2010-10",10.2,
"EA19","HUR","TOT","PC_LF","M","2010-11",10.2,
"EA19","HUR","TOT","PC_LF","M","2010-12",10.2,
"EA19","HUR","TOT","PC_LF","M","2011-01",10.1,
"EA19","HUR","TOT","PC_LF","M","2011-02",10.1,
"EA19","HUR","TOT","PC_LF","M","2011-03",10.1,
"EA19","HUR","TOT","PC_LF","M","2011-04",10,
"EA19","HUR","TOT","PC_LF","M","2011-05",10.1,
"EA19","HUR","TOT","PC_LF","M","2011-06",10.1,
"EA19","HUR","TOT","PC_LF","M","2011-07",10.2,
"EA19","HUR","TOT","PC_LF","M","2011-08",10.3,
"EA19","HUR","TOT","PC_LF","M","2011-09",10.4,
"EA19","HUR","TOT","PC_LF","M","2011-10",10.5,
"EA19","HUR","TOT","PC_LF","M","2011-11",10.7,
"EA19","HUR","TOT","PC_LF","M","2011-12",10.8,
"EA19","HUR","TOT","PC_LF","M","2012-01",10.8,
"EA19","HUR","TOT","PC_LF","M","2012-02",11,
"EA19","HUR","TOT","PC_LF","M","2012-03",11.2,
"EA19","HUR","TOT","PC_LF","M","2012-04",11.3,
"EA19","HUR","TOT","PC_LF","M","2012-05",11.3,
"EA19","HUR","TOT","PC_LF","M","2012-06",11.4,
"EA19","HUR","TOT","PC_LF","M","2012-07",11.5,
"EA19","HUR","TOT","PC_LF","M","2012-08",11.5,
"EA19","HUR","TOT","PC_LF","M","2012-09",11.7,
"EA19","HUR","TOT","PC_LF","M","2012-10",11.8,
"EA19","HUR","TOT","PC_LF","M","2012-11",11.9,
"EA19","HUR","TOT","PC_LF","M","2012-12",12,
"EA19","HUR","TOT","PC_LF","M","2013-01",12.2,
"EA19","HUR","TOT","PC_LF","M","2013-02",12.2,
"EA19","HUR","TOT","PC_LF","M","2013-03",12.2,
"EA19","HUR","TOT","PC_LF","M","2013-04",12.2,
"EA19","HUR","TOT","PC_LF","M","2013-05",12.2,
"EA19","HUR","TOT","PC_LF","M","2013-06",12.1,
"EA19","HUR","TOT","PC_LF","M","2013-07",12,
"EA19","HUR","TOT","PC_LF","M","2013-08",12,
"EA19","HUR","TOT","PC_LF","M","2013-09",12.1,
"EA19","HUR","TOT","PC_LF","M","2013-10",12,
"EA19","HUR","TOT","PC_LF","M","2013-11",12,
"EA19","HUR","TOT","PC_LF","M","2013-12",11.9,
"EA19","HUR","TOT","PC_LF","M","2014-01",12,
"EA19","HUR","TOT","PC_LF","M","2014-02",12,
"EA19","HUR","TOT","PC_LF","M","2014-03",11.9,
"EA19","HUR","TOT","PC_LF","M","2014-04",11.8,
"EA19","HUR","TOT","PC_LF","M","2014-05",11.7,
"EA19","HUR","TOT","PC_LF","M","2014-06",11.6,
"EA19","HUR","TOT","PC_LF","M","2014-07",11.6,
"EA19","HUR","TOT","PC_LF","M","2014-08",11.5,
"EA19","HUR","TOT","PC_LF","M","2014-09",11.5,
"EA19","HUR","TOT","PC_LF","M","2014-10",11.6,
"EA19","HUR","TOT","PC_LF","M","2014-11",11.6,
"EA19","HUR","TOT","PC_LF","M","2014-12",11.4,
"EA19","HUR","TOT","PC_LF","M","2015-01",11.3,
"EA19","HUR","TOT","PC_LF","M","2015-02",11.3,
"EA19","HUR","TOT","PC_LF","M","2015-03",11.3,
"EA19","HUR","TOT","PC_LF","M","2015-04",11.1,
"EA19","HUR","TOT","PC_LF","M","2015-05",11.1,
"EA19","HUR","TOT","PC_LF","M","2015-06",11,
"EA19","HUR","TOT","PC_LF","M","2015-07",10.8,
"EA19","HUR","TOT","PC_LF","M","2015-08",10.7,
"EA19","HUR","TOT","PC_LF","M","2015-09",10.7,
"EA19","HUR","TOT","PC_LF","M","2015-10",10.7,
"EA19","HUR","TOT","PC_LF","M","2015-11",10.6,
"EA19","HUR","TOT","PC_LF","M","2015-12",10.5,
"EA19","HUR","TOT","PC_LF","M","2016-01",10.4,
"EA19","HUR","TOT","PC_LF","M","2016-02",10.4,
"EA19","HUR","TOT","PC_LF","M","2016-03",10.3,
"EA19","HUR","TOT","PC_LF","M","2016-04",10.3,
"EA19","HUR","TOT","PC_LF","M","2016-05",10.2,
"EA19","HUR","TOT","PC_LF","M","2016-06",10.1,
"EA19","HUR","TOT","PC_LF","M","2016-07",10,
"EA19","HUR","TOT","PC_LF","M","2016-08",9.9,
"EA19","HUR","TOT","PC_LF","M","2016-09",9.9,
"EA19","HUR","TOT","PC_LF","M","2016-10",9.8,
"EA19","HUR","TOT","PC_LF","M","2016-11",9.9,
"EA19","HUR","TOT","PC_LF","M","2016-12",9.7,
"EA19","HUR","TOT","PC_LF","M","2017-01",9.6,
"EA19","HUR","TOT","PC_LF","M","2017-02",9.5,
"EA19","HUR","TOT","PC_LF","M","2017-03",9.5,
"EA19","HUR","TOT","PC_LF","M","2017-04",9.3,
"EA19","HUR","TOT","PC_LF","M","2017-05",9.2,
"EA19","HUR","TOT","PC_LF","M","2017-06",9.1,
"EA19","HUR","TOT","PC_LF","M","2017-07",9.1,
"EA19","HUR","TOT","PC_LF","M","2017-08",9,
"EA19","HUR","TOT","PC_LF","M","2017-09",8.9,
"EA19","HUR","TOT","PC_LF","M","2017-10",8.8,
"EA19","HUR","TOT","PC_LF","M","2017-11",8.7,
"EA19","HUR","TOT","PC_LF","M","2017-12",8.7,
"EA19","HUR","TOT","PC_LF","M","2018-01",8.7,
"EA19","HUR","TOT","PC_LF","M","2018-02",8.6,
"EA19","HUR","TOT","PC_LF","M","2018-03",8.5,
"EA19","HUR","TOT","PC_LF","M","2018-04",8.4,
"EA19","HUR","TOT","PC_LF","M","2018-05",8.3,
"EA19","HUR","TOT","PC_LF","M","2018-06",8.2,
"EA19","HUR","TOT","PC_LF","M","2018-07",8.1,
"EA19","HUR","TOT","PC_LF","M","2018-08",8,
"EA19","HUR","TOT","PC_LF","M","2018-09",8,
"EA19","HUR","TOT","PC_LF","M","2018-10",8,
"EA19","HUR","TOT","PC_LF","M","2018-11",8,
"EA19","HUR","TOT","PC_LF","M","2018-12",7.9,
"EA19","HUR","TOT","PC_LF","M","2019-01",7.9,
"EA19","HUR","TOT","PC_LF","M","2019-02",7.8,
"EA19","HUR","TOT","PC_LF","M","2019-03",7.7,
"EA19","HUR","TOT","PC_LF","M","2019-04",7.7,
"EA19","HUR","TOT","PC_LF","M","2019-05",7.7,
"EA19","HUR","TOT","PC_LF","M","2019-06",7.6,
"EA19","HUR","TOT","PC_LF","M","2019-07",7.5,
"EA19","HUR","TOT","PC_LF","M","2019-08",7.4,
"EA19","HUR","TOT","PC_LF","M","2019-09",7.5,
"EA19","HUR","TOT","PC_LF","M","2019-10",7.5,
"EA19","HUR","TOT","PC_LF","M","2019-11",7.5,
"EA19","HUR","TOT","PC_LF","M","2019-12",7.5,
"EA19","HUR","TOT","PC_LF","M","2020-01",7.5,
"EA19","HUR","TOT","PC_LF","M","2020-02",7.4,
"EA19","HUR","TOT","PC_LF","M","2020-03",7.2,
"EA19","HUR","TOT","PC_LF","M","2020-04",7.4,
"EA19","HUR","TOT","PC_LF","M","2020-05",7.6,
"EA19","HUR","TOT","PC_LF","M","2020-06",8.1,
"EA19","HUR","TOT","PC_LF","M","2020-07",8.4,
"EA19","HUR","TOT","PC_LF","M","2020-08",8.6,
"EA19","HUR","TOT","PC_LF","M","2020-09",8.6,
"EA19","HUR","TOT","PC_LF","M","2020-10",8.4,
"EA19","HUR","TOT","PC_LF","M","2020-11",8.2,
"EA19","HUR","TOT","PC_LF","M","2020-12",8.2,
"EA19","HUR","TOT","PC_LF","M","2021-01",8.3,
"EA19","HUR","TOT","PC_LF","M","2021-02",8.2,
"EA19","HUR","TOT","PC_LF","M","2021-03",8.2,
"EA19","HUR","TOT","PC_LF","M","2021-04",8.2,
"EA19","HUR","TOT","PC_LF","M","2021-05",8.1,
"EA19","HUR","TOT","PC_LF","M","2021-06",7.9,
"EA19","HUR","TOT","PC_LF","M","2021-07",7.7,
"EA19","HUR","TOT","PC_LF","M","2021-08",7.5,
"EA19","HUR","TOT","PC_LF","M","2021-09",7.4,
"EA19","HUR","TOT","PC_LF","M","2021-10",7.3,
"EA19","HUR","TOT","PC_LF","M","2021-11",7.1,
"EA19","HUR","TOT","PC_LF","M","2021-12",7,
"EA19","HUR","TOT","PC_LF","M","2022-01",6.9,
"EA19","HUR","TOT","PC_LF","M","2022-02",6.8,
"EA19","HUR","TOT","PC_LF","M","2022-03",6.8,
"EA19","HUR","TOT","PC_LF","M","2022-04",6.7,
"EA19","HUR","TOT","PC_LF","M","2022-05",6.7,
"EA19","HUR","TOT","PC_LF","M","2022-06",6.7,
"EA19","HUR","TOT","PC_LF","M","2022-07",6.6,
"EA19","HUR","TOT","PC_LF","M","2022-08",6.6,
"EU27_2020","HUR","TOT","PC_LF","M","2000-01",9.2,
"EU27_2020","HUR","TOT","PC_LF","M","2000-02",9.2,
"EU27_2020","HUR","TOT","PC_LF","M","2000-03",9.2,
"EU27_2020","HUR","TOT","PC_LF","M","2000-04",9.1,
"EU27_2020","HUR","TOT","PC_LF","M","2000-05",9.1,
"EU27_2020","HUR","TOT","PC_LF","M","2000-06",9,
"EU27_2020","HUR","TOT","PC_LF","M","2000-07",9,
"EU27_2020","HUR","TOT","PC_LF","M","2000-08",8.9,
"EU27_2020","HUR","TOT","PC_LF","M","2000-09",8.9,
"EU27_2020","HUR","TOT","PC_LF","M","2000-10",8.8,
"EU27_2020","HUR","TOT","PC_LF","M","2000-11",8.8,
"EU27_2020","HUR","TOT","PC_LF","M","2000-12",8.7,
"EU27_2020","HUR","TOT","PC_LF","M","2001-01",8.7,
"EU27_2020","HUR","TOT","PC_LF","M","2001-02",8.7,
"EU27_2020","HUR","TOT","PC_LF","M","2001-03",8.7,
"EU27_2020","HUR","TOT","PC_LF","M","2001-04",8.7,
"EU27_2020","HUR","TOT","PC_LF","M","2001-05",8.7,
"EU27_2020","HUR","TOT","PC_LF","M","2001-06",8.7,
"EU27_2020","HUR","TOT","PC_LF","M","2001-07",8.7,
"EU27_2020","HUR","TOT","PC_LF","M","2001-08",8.7,
"EU27_2020","HUR","TOT","PC_LF","M","2001-09",8.8,
"EU27_2020","HUR","TOT","PC_LF","M","2001-10",8.8,
"EU27_2020","HUR","TOT","PC_LF","M","2001-11",8.9,
"EU27_2020","HUR","TOT","PC_LF","M","2001-12",8.9,
"EU27_2020","HUR","TOT","PC_LF","M","2002-01",8.9,
"EU27_2020","HUR","TOT","PC_LF","M","2002-02",9,
"EU27_2020","HUR","TOT","PC_LF","M","2002-03",9,
"EU27_2020","HUR","TOT","PC_LF","M","2002-04",9.1,
"EU27_2020","HUR","TOT","PC_LF","M","2002-05",9,
"EU27_2020","HUR","TOT","PC_LF","M","2002-06",9,
"EU27_2020","HUR","TOT","PC_LF","M","2002-07",9.1,
"EU27_2020","HUR","TOT","PC_LF","M","2002-08",9.1,
"EU27_2020","HUR","TOT","PC_LF","M","2002-09",9.1,
"EU27_2020","HUR","TOT","PC_LF","M","2002-10",9.1,
"EU27_2020","HUR","TOT","PC_LF","M","2002-11",9.1,
"EU27_2020","HUR","TOT","PC_LF","M","2002-12",9.1,
"EU27_2020","HUR","TOT","PC_LF","M","2003-01",9.8,
"EU27_2020","HUR","TOT","PC_LF","M","2003-02",9.8,
"EU27_2020","HUR","TOT","PC_LF","M","2003-03",9.8,
"EU27_2020","HUR","TOT","PC_LF","M","2003-04",9.8,
"EU27_2020","HUR","TOT","PC_LF","M","2003-05",9.8,
"EU27_2020","HUR","TOT","PC_LF","M","2003-06",9.9,
"EU27_2020","HUR","TOT","PC_LF","M","2003-07",9.9,
"EU27_2020","HUR","TOT","PC_LF","M","2003-08",9.9,
"EU27_2020","HUR","TOT","PC_LF","M","2003-09",9.9,
"EU27_2020","HUR","TOT","PC_LF","M","2003-10",9.9,
"EU27_2020","HUR","TOT","PC_LF","M","2003-11",9.9,
"EU27_2020","HUR","TOT","PC_LF","M","2003-12",10,
"EU27_2020","HUR","TOT","PC_LF","M","2004-01",10.1,
"EU27_2020","HUR","TOT","PC_LF","M","2004-02",10.1,
"EU27_2020","HUR","TOT","PC_LF","M","2004-03",10.1,
"EU27_2020","HUR","TOT","PC_LF","M","2004-04",10,
"EU27_2020","HUR","TOT","PC_LF","M","2004-05",10,
"EU27_2020","HUR","TOT","PC_LF","M","2004-06",10,
"EU27_2020","HUR","TOT","PC_LF","M","2004-07",9.9,
"EU27_2020","HUR","TOT","PC_LF","M","2004-08",9.9,
"EU27_2020","HUR","TOT","PC_LF","M","2004-09",10,
"EU27_2020","HUR","TOT","PC_LF","M","2004-10",10,
"EU27_2020","HUR","TOT","PC_LF","M","2004-11",10,
"EU27_2020","HUR","TOT","PC_LF","M","2004-12",9.9,
"EU27_2020","HUR","TOT","PC_LF","M","2005-01",9.8,
"EU27_2020","HUR","TOT","PC_LF","M","2005-02",9.8,
"EU27_2020","HUR","TOT","PC_LF","M","2005-03",9.8,
"EU27_2020","HUR","TOT","PC_LF","M","2005-04",9.8,
"EU27_2020","HUR","TOT","PC_LF","M","2005-05",9.8,
"EU27_2020","HUR","TOT","PC_LF","M","2005-06",9.8,
"EU27_2020","HUR","TOT","PC_LF","M","2005-07",9.7,
"EU27_2020","HUR","TOT","PC_LF","M","2005-08",9.6,
"EU27_2020","HUR","TOT","PC_LF","M","2005-09",9.6,
"EU27_2020","HUR","TOT","PC_LF","M","2005-10",9.6,
"EU27_2020","HUR","TOT","PC_LF","M","2005-11",9.5,
"EU27_2020","HUR","TOT","PC_LF","M","2005-12",9.4,
"EU27_2020","HUR","TOT","PC_LF","M","2006-01",9.3,
"EU27_2020","HUR","TOT","PC_LF","M","2006-02",9.2,
"EU27_2020","HUR","TOT","PC_LF","M","2006-03",9.1,
"EU27_2020","HUR","TOT","PC_LF","M","2006-04",9,
"EU27_2020","HUR","TOT","PC_LF","M","2006-05",8.9,
"EU27_2020","HUR","TOT","PC_LF","M","2006-06",8.7,
"EU27_2020","HUR","TOT","PC_LF","M","2006-07",8.7,
"EU27_2020","HUR","TOT","PC_LF","M","2006-08",8.6,
"EU27_2020","HUR","TOT","PC_LF","M","2006-09",8.5,
"EU27_2020","HUR","TOT","PC_LF","M","2006-10",8.4,
"EU27_2020","HUR","TOT","PC_LF","M","2006-11",8.3,
"EU27_2020","HUR","TOT","PC_LF","M","2006-12",8.2,
"EU27_2020","HUR","TOT","PC_LF","M","2007-01",8,
"EU27_2020","HUR","TOT","PC_LF","M","2007-02",7.9,
"EU27_2020","HUR","TOT","PC_LF","M","2007-03",7.8,
"EU27_2020","HUR","TOT","PC_LF","M","2007-04",7.7,
"EU27_2020","HUR","TOT","PC_LF","M","2007-05",7.6,
"EU27_2020","HUR","TOT","PC_LF","M","2007-06",7.5,
"EU27_2020","HUR","TOT","PC_LF","M","2007-07",7.5,
"EU27_2020","HUR","TOT","PC_LF","M","2007-08",7.5,
"EU27_2020","HUR","TOT","PC_LF","M","2007-09",7.4,
"EU27_2020","HUR","TOT","PC_LF","M","2007-10",7.4,
"EU27_2020","HUR","TOT","PC_LF","M","2007-11",7.3,
"EU27_2020","HUR","TOT","PC_LF","M","2007-12",7.3,
"EU27_2020","HUR","TOT","PC_LF","M","2008-01",7.2,
"EU27_2020","HUR","TOT","PC_LF","M","2008-02",7.1,
"EU27_2020","HUR","TOT","PC_LF","M","2008-03",7.1,
"EU27_2020","HUR","TOT","PC_LF","M","2008-04",7.1,
"EU27_2020","HUR","TOT","PC_LF","M","2008-05",7.2,
"EU27_2020","HUR","TOT","PC_LF","M","2008-06",7.3,
"EU27_2020","HUR","TOT","PC_LF","M","2008-07",7.2,
"EU27_2020","HUR","TOT","PC_LF","M","2008-08",7.3,
"EU27_2020","HUR","TOT","PC_LF","M","2008-09",7.4,
"EU27_2020","HUR","TOT","PC_LF","M","2008-10",7.5,
"EU27_2020","HUR","TOT","PC_LF","M","2008-11",7.7,
"EU27_2020","HUR","TOT","PC_LF","M","2008-12",7.9,
"EU27_2020","HUR","TOT","PC_LF","M","2009-01",8.4,
"EU27_2020","HUR","TOT","PC_LF","M","2009-02",8.7,
"EU27_2020","HUR","TOT","PC_LF","M","2009-03",8.9,
"EU27_2020","HUR","TOT","PC_LF","M","2009-04",9.1,
"EU27_2020","HUR","TOT","PC_LF","M","2009-05",9.2,
"EU27_2020","HUR","TOT","PC_LF","M","2009-06",9.3,
"EU27_2020","HUR","TOT","PC_LF","M","2009-07",9.4,
"EU27_2020","HUR","TOT","PC_LF","M","2009-08",9.5,
"EU27_2020","HUR","TOT","PC_LF","M","2009-09",9.7,
"EU27_2020","HUR","TOT","PC_LF","M","2009-10",9.7,
"EU27_2020","HUR","TOT","PC_LF","M","2009-11",9.8,
"EU27_2020","HUR","TOT","PC_LF","M","2009-12",9.9,
"EU27_2020","HUR","TOT","PC_LF","M","2010-01",10.1,
"EU27_2020","HUR","TOT","PC_LF","M","2010-02",10.1,
"EU27_2020","HUR","TOT","PC_LF","M","2010-03",10.1,
"EU27_2020","HUR","TOT","PC_LF","M","2010-04",10.2,
"EU27_2020","HUR","TOT","PC_LF","M","2010-05",10.1,
"EU27_2020","HUR","TOT","PC_LF","M","2010-06",10.1,
"EU27_2020","HUR","TOT","PC_LF","M","2010-07",10,
"EU27_2020","HUR","TOT","PC_LF","M","2010-08",10,
"EU27_2020","HUR","TOT","PC_LF","M","2010-09",10,
"EU27_2020","HUR","TOT","PC_LF","M","2010-10",10.1,
"EU27_2020","HUR","TOT","PC_LF","M","2010-11",10,
"EU27_2020","HUR","TOT","PC_LF","M","2010-12",10,
"EU27_2020","HUR","TOT","PC_LF","M","2011-01",10,
"EU27_2020","HUR","TOT","PC_LF","M","2011-02",9.9,
"EU27_2020","HUR","TOT","PC_LF","M","2011-03",9.9,
"EU27_2020","HUR","TOT","PC_LF","M","2011-04",9.9,
"EU27_2020","HUR","TOT","PC_LF","M","2011-05",9.9,
"EU27_2020","HUR","TOT","PC_LF","M","2011-06",9.9,
"EU27_2020","HUR","TOT","PC_LF","M","2011-07",10,
"EU27_2020","HUR","TOT","PC_LF","M","2011-08",10.1,
"EU27_2020","HUR","TOT","PC_LF","M","2011-09",10.2,
"EU27_2020","HUR","TOT","PC_LF","M","2011-10",10.3,
"EU27_2020","HUR","TOT","PC_LF","M","2011-11",10.4,
"EU27_2020","HUR","TOT","PC_LF","M","2011-12",10.5,
"EU27_2020","HUR","TOT","PC_LF","M","2012-01",10.6,
"EU27_2020","HUR","TOT","PC_LF","M","2012-02",10.7,
"EU27_2020","HUR","TOT","PC_LF","M","2012-03",10.8,
"EU27_2020","HUR","TOT","PC_LF","M","2012-04",10.9,
"EU27_2020","HUR","TOT","PC_LF","M","2012-05",11,
"EU27_2020","HUR","TOT","PC_LF","M","2012-06",11,
"EU27_2020","HUR","TOT","PC_LF","M","2012-07",11.1,
"EU27_2020","HUR","TOT","PC_LF","M","2012-08",11.1,
"EU27_2020","HUR","TOT","PC_LF","M","2012-09",11.2,
"EU27_2020","HUR","TOT","PC_LF","M","2012-10",11.4,
"EU27_2020","HUR","TOT","PC_LF","M","2012-11",11.5,
"EU27_2020","HUR","TOT","PC_LF","M","2012-12",11.5,
"EU27_2020","HUR","TOT","PC_LF","M","2013-01",11.7,
"EU27_2020","HUR","TOT","PC_LF","M","2013-02",11.7,
"EU27_2020","HUR","TOT","PC_LF","M","2013-03",11.7,
"EU27_2020","HUR","TOT","PC_LF","M","2013-04",11.7,
"EU27_2020","HUR","TOT","PC_LF","M","2013-05",11.6,
"EU27_2020","HUR","TOT","PC_LF","M","2013-06",11.6,
"EU27_2020","HUR","TOT","PC_LF","M","2013-07",11.5,
"EU27_2020","HUR","TOT","PC_LF","M","2013-08",11.5,
"EU27_2020","HUR","TOT","PC_LF","M","2013-09",11.5,
"EU27_2020","HUR","TOT","PC_LF","M","2013-10",11.5,
"EU27_2020","HUR","TOT","PC_LF","M","2013-11",11.5,
"EU27_2020","HUR","TOT","PC_LF","M","2013-12",11.4,
"EU27_2020","HUR","TOT","PC_LF","M","2014-01",11.4,
"EU27_2020","HUR","TOT","PC_LF","M","2014-02",11.4,
"EU27_2020","HUR","TOT","PC_LF","M","2014-03",11.3,
"EU27_2020","HUR","TOT","PC_LF","M","2014-04",11.2,
"EU27_2020","HUR","TOT","PC_LF","M","2014-05",11.1,
"EU27_2020","HUR","TOT","PC_LF","M","2014-06",11,
"EU27_2020","HUR","TOT","PC_LF","M","2014-07",10.9,
"EU27_2020","HUR","TOT","PC_LF","M","2014-08",10.8,
"EU27_2020","HUR","TOT","PC_LF","M","2014-09",10.8,
"EU27_2020","HUR","TOT","PC_LF","M","2014-10",10.8,
"EU27_2020","HUR","TOT","PC_LF","M","2014-11",10.9,
"EU27_2020","HUR","TOT","PC_LF","M","2014-12",10.7,
"EU27_2020","HUR","TOT","PC_LF","M","2015-01",10.7,
"EU27_2020","HUR","TOT","PC_LF","M","2015-02",10.6,
"EU27_2020","HUR","TOT","PC_LF","M","2015-03",10.5,
"EU27_2020","HUR","TOT","PC_LF","M","2015-04",10.4,
"EU27_2020","HUR","TOT","PC_LF","M","2015-05",10.3,
"EU27_2020","HUR","TOT","PC_LF","M","2015-06",10.3,
"EU27_2020","HUR","TOT","PC_LF","M","2015-07",10.1,
"EU27_2020","HUR","TOT","PC_LF","M","2015-08",10,
"EU27_2020","HUR","TOT","PC_LF","M","2015-09",9.9,
"EU27_2020","HUR","TOT","PC_LF","M","2015-10",9.9,
"EU27_2020","HUR","TOT","PC_LF","M","2015-11",9.8,
"EU27_2020","HUR","TOT","PC_LF","M","2015-12",9.8,
"EU27_2020","HUR","TOT","PC_LF","M","2016-01",9.7,
"EU27_2020","HUR","TOT","PC_LF","M","2016-02",9.6,
"EU27_2020","HUR","TOT","PC_LF","M","2016-03",9.5,
"EU27_2020","HUR","TOT","PC_LF","M","2016-04",9.4,
"EU27_2020","HUR","TOT","PC_LF","M","2016-05",9.4,
"EU27_2020","HUR","TOT","PC_LF","M","2016-06",9.3,
"EU27_2020","HUR","TOT","PC_LF","M","2016-07",9.2,
"EU27_2020","HUR","TOT","PC_LF","M","2016-08",9.1,
"EU27_2020","HUR","TOT","PC_LF","M","2016-09",9.1,
"EU27_2020","HUR","TOT","PC_LF","M","2016-10",9,
"EU27_2020","HUR","TOT","PC_LF","M","2016-11",9,
"EU27_2020","HUR","TOT","PC_LF","M","2016-12",8.9,
"EU27_2020","HUR","TOT","PC_LF","M","2017-01",8.7,
"EU27_2020","HUR","TOT","PC_LF","M","2017-02",8.7,
"EU27_2020","HUR","TOT","PC_LF","M","2017-03",8.6,
"EU27_2020","HUR","TOT","PC_LF","M","2017-04",8.4,
"EU27_2020","HUR","TOT","PC_LF","M","2017-05",8.4,
"EU27_2020","HUR","TOT","PC_LF","M","2017-06",8.3,
"EU27_2020","HUR","TOT","PC_LF","M","2017-07",8.2,
"EU27_2020","HUR","TOT","PC_LF","M","2017-08",8.1,
"EU27_2020","HUR","TOT","PC_LF","M","2017-09",8.1,
"EU27_2020","HUR","TOT","PC_LF","M","2017-10",8,
"EU27_2020","HUR","TOT","PC_LF","M","2017-11",7.9,
"EU27_2020","HUR","TOT","PC_LF","M","2017-12",7.9,
"EU27_2020","HUR","TOT","PC_LF","M","2018-01",7.8,
"EU27_2020","HUR","TOT","PC_LF","M","2018-02",7.7,
"EU27_2020","HUR","TOT","PC_LF","M","2018-03",7.6,
"EU27_2020","HUR","TOT","PC_LF","M","2018-04",7.6,
"EU27_2020","HUR","TOT","PC_LF","M","2018-05",7.4,
"EU27_2020","HUR","TOT","PC_LF","M","2018-06",7.4,
"EU27_2020","HUR","TOT","PC_LF","M","2018-07",7.3,
"EU27_2020","HUR","TOT","PC_LF","M","2018-08",7.2,
"EU27_2020","HUR","TOT","PC_LF","M","2018-09",7.2,
"EU27_2020","HUR","TOT","PC_LF","M","2018-10",7.2,
"EU27_2020","HUR","TOT","PC_LF","M","2018-11",7.2,
"EU27_2020","HUR","TOT","PC_LF","M","2018-12",7.1,
"EU27_2020","HUR","TOT","PC_LF","M","2019-01",7.1,
"EU27_2020","HUR","TOT","PC_LF","M","2019-02",7.1,
"EU27_2020","HUR","TOT","PC_LF","M","2019-03",7,
"EU27_2020","HUR","TOT","PC_LF","M","2019-04",6.9,
"EU27_2020","HUR","TOT","PC_LF","M","2019-05",6.8,
"EU27_2020","HUR","TOT","PC_LF","M","2019-06",6.7,
"EU27_2020","HUR","TOT","PC_LF","M","2019-07",6.7,
"EU27_2020","HUR","TOT","PC_LF","M","2019-08",6.7,
"EU27_2020","HUR","TOT","PC_LF","M","2019-09",6.7,
"EU27_2020","HUR","TOT","PC_LF","M","2019-10",6.7,
"EU27_2020","HUR","TOT","PC_LF","M","2019-11",6.8,
"EU27_2020","HUR","TOT","PC_LF","M","2019-12",6.7,
"EU27_2020","HUR","TOT","PC_LF","M","2020-01",6.7,
"EU27_2020","HUR","TOT","PC_LF","M","2020-02",6.6,
"EU27_2020","HUR","TOT","PC_LF","M","2020-03",6.5,
"EU27_2020","HUR","TOT","PC_LF","M","2020-04",6.8,
"EU27_2020","HUR","TOT","PC_LF","M","2020-05",7,
"EU27_2020","HUR","TOT","PC_LF","M","2020-06",7.4,
"EU27_2020","HUR","TOT","PC_LF","M","2020-07",7.7,
"EU27_2020","HUR","TOT","PC_LF","M","2020-08",7.8,
"EU27_2020","HUR","TOT","PC_LF","M","2020-09",7.8,
"EU27_2020","HUR","TOT","PC_LF","M","2020-10",7.6,
"EU27_2020","HUR","TOT","PC_LF","M","2020-11",7.5,
"EU27_2020","HUR","TOT","PC_LF","M","2020-12",7.5,
"EU27_2020","HUR","TOT","PC_LF","M","2021-01",7.5,
"EU27_2020","HUR","TOT","PC_LF","M","2021-02",7.5,
"EU27_2020","HUR","TOT","PC_LF","M","2021-03",7.5,
"EU27_2020","HUR","TOT","PC_LF","M","2021-04",7.5,
"EU27_2020","HUR","TOT","PC_LF","M","2021-05",7.3,
"EU27_2020","HUR","TOT","PC_LF","M","2021-06",7.1,
"EU27_2020","HUR","TOT","PC_LF","M","2021-07",6.9,
"EU27_2020","HUR","TOT","PC_LF","M","2021-08",6.8,
"EU27_2020","HUR","TOT","PC_LF","M","2021-09",6.7,
"EU27_2020","HUR","TOT","PC_LF","M","2021-10",6.6,
"EU27_2020","HUR","TOT","PC_LF","M","2021-11",6.5,
"EU27_2020","HUR","TOT","PC_LF","M","2021-12",6.4,
"EU27_2020","HUR","TOT","PC_LF","M","2022-01",6.3,
"EU27_2020","HUR","TOT","PC_LF","M","2022-02",6.2,
"EU27_2020","HUR","TOT","PC_LF","M","2022-03",6.2,
"EU27_2020","HUR","TOT","PC_LF","M","2022-04",6.1,
"EU27_2020","HUR","TOT","PC_LF","M","2022-05",6.1,
"EU27_2020","HUR","TOT","PC_LF","M","2022-06",6.1,
"EU27_2020","HUR","TOT","PC_LF","M","2022-07",6,
"EU27_2020","HUR","TOT","PC_LF","M","2022-08",6,
